{"name": "sklearn.KNNWorkflow", "hyperparameters": [{"type": "categorical", "name": "metric", "choices": ["minkowski", "cosine", "nan_euclidean"], "weights": null, "default_value": "minkowski", "meta": null}, {"type": "uniform_int", "name": "n_neighbors", "lower": 1, "upper": 100, "default_value": 5, "log": true, "meta": null}, {"type": "categorical", "name": "pp@cat_encoder", "choices": ["onehot", "ordinal"], "weights": null, "default_value": "onehot", "meta": null}, {"type": "categorical", "name": "pp@decomposition", "choices": ["none", "kernel_pca", "lda", "fastica", "ka_rbf", "ka_nystroem", "agglomerator"], "weights": null, "default_value": "none", "meta": null}, {"type": "categorical", "name": "pp@featuregen", "choices": ["none", "poly"], "weights": null, "default_value": "none", "meta": null}, {"type": "categorical", "name": "pp@featureselector", "choices": ["none", "selectp"], "weights": null, "default_value": "none", "meta": null}, {"type": "categorical", "name": "pp@scaler", "choices": ["none", "minmax", "std"], "weights": null, "default_value": "none", "meta": null}, {"type": "categorical", "name": "weights", "choices": ["uniform", "distance"], "weights": null, "default_value": "uniform", "meta": null}, {"type": "uniform_int", "name": "p", "lower": 1, "upper": 10, "default_value": 2, "log": false, "meta": null}, {"type": "categorical", "name": "pp@kernel_pca_kernel", "choices": ["linear", "rbf"], "weights": null, "default_value": "linear", "meta": null}, {"type": "uniform_float", "name": "pp@kernel_pca_n_components", "lower": 0.25, "upper": 1.0, "default_value": 1.0, "log": false, "meta": null}, {"type": "constant", "name": "pp@poly_degree", "value": 2, "meta": null}, {"type": "uniform_int", "name": "pp@selectp_percentile", "lower": 25, "upper": 100, "default_value": 100, "log": false, "meta": null}, {"type": "categorical", "name": "pp@std_with_std", "choices": [true, false], "weights": null, "default_value": true, "meta": null}], "conditions": [{"type": "EQ", "child": "p", "parent": "metric", "value": "minkowski"}, {"type": "EQ", "child": "pp@kernel_pca_kernel", "parent": "pp@decomposition", "value": "kernel_pca"}, {"type": "EQ", "child": "pp@kernel_pca_n_components", "parent": "pp@decomposition", "value": "kernel_pca"}, {"type": "EQ", "child": "pp@poly_degree", "parent": "pp@featuregen", "value": "poly"}, {"type": "EQ", "child": "pp@selectp_percentile", "parent": "pp@featureselector", "value": "selectp"}, {"type": "EQ", "child": "pp@std_with_std", "parent": "pp@scaler", "value": "std"}], "forbiddens": [], "python_module_version": "1.1.4", "format_version": 0.4}